CHAUSSON MATX/AIGURANDE; 684771; Oui; Non; FRESNEAU ALEXANDRE; OUEST
SAINT LEONARD MATERIAUX; 685226; Non; Oui; DO FETAL PASCAL; ILE DE France
BAUDE BILLET M.T.C.; 685234; Oui; Non; DANJOU SEVERINE; NORD-EST
CCL COLOMIERS; 275783; Non; Oui; PONCE MICHAEL; SUD-OUEST
CHAUSSON MATX/COLOMIERS 1; 685471; Non; Oui; PONCE MICHAEL; SUD-OUEST
CHAUSSON SO RABASTENS; 11794; Non; Oui; PONCE MICHAEL; SUD-OUEST
INDUSTRIE PREFAB. NEGOCE; 685841; Non; Oui; FISCHER ALEXANDRE; ILE DE France
CF DISTRIBUTION; 685951; Non; Oui; BATOT KEVIN; ILE DE France
AUX  MILLE ET UNE TEINTES; 686118; Non; Oui; LAURENT FREDERIC; NORD-EST
BIGMAT DANTHON MATERIAUX VIRIEU; 686728; Oui; Non; MONTES QUENTIN; RHONE ALPES
MATERIAUX SIMC VITROLLES (PPI); 724279; Non; Oui; BARTOLO DIDIER; SUD-EST
CHAUSSON MATX/VOUNEUIL; 687293; Non; Oui; FRESNEAU ALEXANDRE; OUEST
VM DISTRIBUTION VOUNEUIL; 687302; Oui; Non; FRESNEAU ALEXANDRE; OUEST
DOUSSELIN&GEOFFRAY JACQUET; 687458; Non; Oui; BOULET MORGANE; RHONE ALPES
GEDIMAT FAREL-CLAVEL ROCHEFORT; 687569; Oui; Non; BIDARD OLIVIER; SUD-EST
BARNIER TP TRANSPORTS; 688246; Non; Oui; BARTOLO DIDIER; SUD-EST
M+ ROQUES; 688374; Non; Oui; PONCE MICHAEL; SUD-OUEST
AUBER CARRELAGE; 688610; Non; Oui; BATOT KEVIN; ILE DE France
SOCAMAC AURILLAC; 689393; Non; Oui; BRAY JEROME; RHONE ALPES
DISTRIB RURAL TECHNIC DRT MAROLLES; 689674; Non; Oui; BOUMARAF CHRISTOPHE; OUEST
SELIMAT; 691025; Oui; Non; BARTOLO DIDIER; SUD-EST
CHAUSSON MATX/FONSEGRIVE; 691349; Non; Oui; PONCE MICHAEL; SUD-OUEST
MOUSSE ROBERT; 691528; Non; Oui; TEIXEIRA SANDRINE; ILE DE France
BATTAGLIA-SOUMEILHAN SARL; 692191; Non; Oui; ANTUNES JEAN-MANUEL; SUD-OUEST
POINT P TROUILLARD SA TERRIERE; 692231; Non; Oui; ROBIEUX CHARLY; OUEST
CHAUSSON MATX/ST DOULCHARD; 692334; Non; Oui; FRESNEAU ALEXANDRE; OUEST
PANOFRANCE BOURGES; 692339; Non; Oui; FRESNEAU ALEXANDRE; OUEST
LES MATERIAUX MODERNES; 693415; Non; Oui; TEIXEIRA SANDRINE; ILE DE France
D.B.M MAT ST GILLES; 693568; Non; Oui; ROUX PHILIPPE; SUD-EST
ALKERN NORD LES ANDELYS; 693575; Non; Oui; CASCALES LAURENT; ILE DE France
CHAUSSON MATX/ANNECY; 694049; Oui; Non; COTTERLAZ-RANNARD A.; RHONE ALPES
CHAUSSON MATX/NIORT (GROS OEUVRE); 694167; Non; Oui; FRESNEAU ALEXANDRE; OUEST
DIDIER MATERIAUX VALENCE; 694680; Oui; Non; MONTES QUENTIN; RHONE ALPES
POINT P LA MERIDIONALE FORMIGUERES; 694786; Oui; Non; TERKI KARIM; SUD-EST
POINT P - BMCE 4047 ST JUNIEN; 695005; Non; Oui; AUBINEAU NICOLAS; SUD-OUEST
CHADAPAUX S A; 695440; Non; Oui; BATOT KEVIN; ILE DE France
POINT P - DOCKS DE L'OISE BOHAIN; 695598; Non; Oui; DANJOU SEVERINE; NORD-EST
S.E.I. SA; 695773; Non; Oui; BATOT KEVIN; ILE DE France
COMASUD (POINT P GAREOULT); 695908; Non; Oui; BARTOLO DIDIER; SUD-EST
POINT P LA MERIDIONALE BOLQUERE; 695932; Oui; Non; ROUX PHILIPPE; SUD-EST
BDM - YVON & FILS - SARGE LES LE MA; 298738; Non; Oui; BIERE GERALDINE; OUEST
SFIC GENNEVILLIERS THERMIQUE; 696170; Non; Oui; TEIXEIRA SANDRINE; ILE DE France
POINT P - BMSO FLOIRAC; 696348; Oui; Non; BARGOZZA FLORENT; SUD-OUEST
AU FORUM DU BATIMENT ST OUEN; 697320; Non; Oui; BATOT KEVIN; ILE DE France
SAMSE - MONTPEZAT 810; 697420; Oui; Non; CHAMBEFORT PATRICE; RHONE ALPES
GREGOIRE ETS; 697584; Non; Oui; BATOT KEVIN; ILE DE France
SEREP SARL BOURG ST MAURICE; 697849; Non; Oui; COTTERLAZ-RANNARD A.; RHONE ALPES
SAMSE GROUPE - GRENOBLE; 697921; Non; Oui; MONTES QUENTIN; RHONE ALPES
LA BOITE A OUTILS; 698702; Non; Oui; SALIOU JEAN-FRANCOIS; RHONE ALPES
SAMSE PLATEFORME LOG APPRO; 698705; Non; Oui; MONTES QUENTIN; RHONE ALPES
CHAUSSON MATX/ST ALBAN CARRELAGES; 698757; Non; Oui; PONCE MICHAEL; SUD-OUEST
C.F.C.M.C. CIE FSE CAMIONAG; 699463; Non; Oui; BATOT KEVIN; ILE DE France
JOLY LOCATION SARL; 699638; Oui; Oui; DANJOU SEVERINE; NORD-EST
ROY  (ETS)  SCIERIE; 10375; Non; Oui; AUBINEAU NICOLAS; SUD-OUEST
NOUVOBOIS MATERIAUX SARL; 700175; Oui; Non; DANJOU SEVERINE; NORD-EST
POINT P - BMSO 3689 NIORT; 700206; Oui; Non; FRESNEAU ALEXANDRE; OUEST
CHAUSSON MATX CARRELAGES/JUVIGNAC; 700394; Non; Oui; TERKI KARIM; SUD-EST
VM PLATEFORME MATERIAUX; 700556; Non; Oui; ROBIEUX CHARLY; OUEST
POINT P LA MERIDIONALE-MAT+ SERNHAC; 700770; Oui; Non; BIDARD OLIVIER; SUD-EST
MULTI SERVICE BRICOLAGE SA; 701227; Oui; Non; VAILLANT SEBASTIEN; NORD-EST
SAUNIER ETS; 701427; Non; Oui; DO FETAL PASCAL; ILE DE France
CHAUSSON MATX/CHALON; 701907; Non; Oui; HENRY MATHIEU; RHONE ALPES
BRAY CHARLY SUR MARNE; 702569; Oui; Non; DANJOU SEVERINE; NORD-EST
PERCY MATERIAUX; 703013; Non; Oui; DO FETAL PASCAL; ILE DE France
MATERIAUX SIMC LA GARDE; 703217; Non; Oui; BARTOLO DIDIER; SUD-EST
BILLORE MATERIAUX SARL; 703327; Non; Oui; CASCALES LAURENT; ILE DE France
BONIFAY  LA LONDE; 703480; Non; Oui; BARTOLO DIDIER; SUD-EST
TOUJAS & COLL - PAU; 703946; Non; Oui; ANTUNES JEAN-MANUEL; SUD-OUEST
CHAUSSON MATX/PAZIOLS; 704108; Oui; Non; TERKI KARIM; SUD-EST
RUAUX AGRICOLE ETS ST PIERRE SUR D.; 704211; Non; Oui; BOUMARAF CHRISTOPHE; OUEST
SAS MATERIAUX CARRELAGE MIDI; 704673; Oui; Oui; BARTOLO DIDIER; SUD-EST
CHAUSSON MATX/PINSAGUEL; 704835; Non; Oui; PONCE MICHAEL; SUD-OUEST
LABENNE ROUGIER SNC LA TESTE; 704866; Non; Oui; BARGOZZA FLORENT; SUD-OUEST
LABENNE ROUGIER SNC LACANAU; 705066; Non; Oui; BARGOZZA FLORENT; SUD-OUEST
DECO PAV - CERAMICUM; 705297; Non; Oui; DO FETAL PASCAL; ILE DE France
SAMSE - LARGENTIERE; 705537; Oui; Non; CHAMBEFORT PATRICE; RHONE ALPES
CHAUSSON MATX/P-FORME LAVAUR AUTO; 705650; Non; Oui; PONCE MICHAEL; SUD-OUEST
SAMSE - MDA; 705719; Non; Oui; MONTES QUENTIN; RHONE ALPES
IDF PLANCHERS SAS; 705761; Non; Oui; BATOT KEVIN; ILE DE France
CHAUSSON MATX/PORTES LES VALENCE; 705850; Non; Oui; MONTES QUENTIN; RHONE ALPES
BIGMAT KILBURG - LE TEIL; 707492; Oui; Oui; CHAMBEFORT PATRICE; RHONE ALPES
CHAUSSON MATX/LIMOGES; 707978; Non; Oui; AUBINEAU NICOLAS; SUD-OUEST
GIRARDON MATERIAUX - AMPUIS; 708170; Non; Oui; BOULET MORGANE; RHONE ALPES
ALPES COULEUR DECORATION; 748132; Non; Oui; BOULET MORGANE; RHONE ALPES
GIRARDON MATERIAUX - ST PRIEST; 763461; Non; Oui; BOULET MORGANE; RHONE ALPES
BATIBOIS ALSACE; 11476; Non; Oui; LAURENT FREDERIC; NORD-EST
PONTCHARRA MATERIAUX - SMCP; 771961; Non; Oui; MONTES QUENTIN; RHONE ALPES
GABRIEL * SAS ISSOIRE; 20900; Non; Oui; BRAY JEROME; RHONE ALPES
CIBA OUARY; 11082; Non; Oui; ROBIEUX CHARLY; OUEST
HENRY PIERRE ET FILS; 86446; Non; Oui; MONTES QUENTIN; RHONE ALPES
LOIRE MATERIAUX SORBIERS; 10934; Non; Oui; CHAMBEFORT PATRICE; RHONE ALPES
VETERMAT BORDEAUX; 794809; Non; Oui; BARGOZZA FLORENT; SUD-OUEST
PANOFRANCE FOUSSIER LE MANS; 11552; Oui; Non; BIERE GERALDINE; OUEST
LANCERY SAFIRE; 12002; Non; Oui; TEIXEIRA SANDRINE; ILE DE France
CUB SAS; 803203; Non; Oui; BIERE GERALDINE; OUEST
CHAUSSON SE NOYAREY; 977113; Non; Oui; MONTES QUENTIN; RHONE ALPES
BOYE (ETS)*    BORDEAUX; 10707; Non; Oui; BARGOZZA FLORENT; SUD-OUEST
MARMANDE MOUSSE (EURL); 845086; Non; Oui; CARUCCIO STEPHANE; SUD-OUEST
ENDUIT DIFFUSION 78 BATVERT; 847140; Non; Oui; DAUTHUILLE STEPHANE; ILE DE France
CAYREYRE PONT DE LABEAUME; 848753; Oui; Oui; CHAMBEFORT PATRICE; RHONE ALPES
MILLIANE S.A. MAZERES; 848760; Non; Oui; PONCE MICHAEL; SUD-OUEST
BRICO ARIZE FOURNIE ET FILS LE MAS; 848761; Non; Oui; PONCE MICHAEL; SUD-OUEST
SA LES BOIS CABANNAIS LES CABANNES; 848762; Non; Oui; PONCE MICHAEL; SUD-OUEST
BERTRAND MATERIAUX LAISSAC; 848776; Non; Oui; BIDARD OLIVIER; SUD-EST
BRUNET MATERIAUX JURQUES; 848802; Oui; Non; BOUMARAF CHRISTOPHE; OUEST
FOURGEAUD MATERIAUX ROUMAZIERES LOU; 848827; Non; Oui; AUBINEAU NICOLAS; SUD-OUEST
BOIS DECO LA ROCHELLE; 848839; Non; Oui; AUBINEAU NICOLAS; SUD-OUEST
ARCOURT ET FILS PONS; 848868; Non; Oui; AUBINEAU NICOLAS; SUD-OUEST
JEANNEAU SA PONS; 848869; Non; Oui; AUBINEAU NICOLAS; SUD-OUEST
BATILOISIRS BIGMAT CHATEAUMEILLANT; 848878; Non; Oui; FRESNEAU ALEXANDRE; OUEST
BOUDARD * GOUZON; 10478; Non; Oui; AUBINEAU NICOLAS; SUD-OUEST
CMC CORBIER MATERIAUX CHAMBORIGAUD; 848996; Oui; Non; BIDARD OLIVIER; SUD-EST
RAMONDOU & FILS ETS AYGUESVIVES; 849006; Non; Oui; PONCE MICHAEL; SUD-OUEST
RIU SARL BLM CONDOM; 849015; Non; Oui; ANTUNES JEAN-MANUEL; SUD-OUEST
SCCOBAPI SARL SAMATAN; 849017; Non; Oui; ANTUNES JEAN-MANUEL; SUD-OUEST
DALIES & FILS ETS CAZAUBON; 849018; Non; Oui; ANTUNES JEAN-MANUEL; SUD-OUEST
NOEL BERNARD MIELAN; 849019; Non; Oui; ANTUNES JEAN-MANUEL; SUD-OUEST
DATAS FRERES VIC FEZENSAC; 849020; Oui; Non; ANTUNES JEAN-MANUEL; SUD-OUEST
R. DALIES & FILS LIAS D'ARMAGNAC; 849021; Non; Oui; ANTUNES JEAN-MANUEL; SUD-OUEST
MARIBON FERRET VALENCE SUR BAISE; 849025; Oui; Non; ANTUNES JEAN-MANUEL; SUD-OUEST
RBS LA BOITE A OUTILS SAMSE GRENOBL; 849094; Non; Oui; MONTES QUENTIN; RHONE ALPES
STE  GEDIRALP REVENTIN VAUGRIS; 849095; Non; Oui; MONTES QUENTIN; RHONE ALPES
GEDIMAT - MONTAGNAT JARDIN; 849096; Oui; Non; MONTES QUENTIN; RHONE ALPES
PUISEAUX MATERIAUX; 1249749; Oui; Non; JAILLAT FREDERIC; NORD-EST
BONNEFOY PASCAL GRANDRIEU; 849172; Non; Oui; BIDARD OLIVIER; SUD-EST
POINT P SONEN PONTORSON; 849177; Oui; Non; BOUMARAF CHRISTOPHE; OUEST
AVRANCHES MATERIAUX LE VAL ST PERE; 849180; Non; Oui; BOUMARAF CHRISTOPHE; OUEST
ISOPAR 59 SECLIN; 849274; Non; Oui; VAILLANT SEBASTIEN; NORD-EST
BATI SERVICE MONTIGNY EN OSTREVENT; 849278; Oui; Non; VAILLANT SEBASTIEN; NORD-EST
WACQUIER ET CIE SARL ORCHIES; 849282; Oui; Non; VAILLANT SEBASTIEN; NORD-EST
MEURANT  MAUBEUGE; 95892; Oui; Non; VAILLANT SEBASTIEN; NORD-EST
DESCAMPS MARCQ SAS; 55097; Oui; Non; VAILLANT SEBASTIEN; NORD-EST
PANOFRANCE LESQUIN; 849297; Non; Oui; VAILLANT SEBASTIEN; NORD-EST
VAILLANT NORRENT FONTES; 849309; Oui; Oui; DANJOU SEVERINE; NORD-EST
MILBLED-WIMEZ LONGUENESSE; 849314; Oui; Oui; DANJOU SEVERINE; NORD-EST
ARTOIS ISBERGUES; 849318; Oui; Oui; DANJOU SEVERINE; NORD-EST
GOBLET FRERES ST MARTIN AU LAERT; 849323; Oui; Oui; DANJOU SEVERINE; NORD-EST
LAMOUR ETAPLES; 849325; Non; Oui; DANJOU SEVERINE; NORD-EST
PARTEDIS BOIS MATERIAUX CLERMONT; 849330; Non; Oui; BRAY JEROME; RHONE ALPES
JUSTIN BLEGER STRASBOURG; 849362; Oui; Non; LAURENT FREDERIC; NORD-EST
TOUT POUR LA CONSTRUCTION; 849375; Non; Oui; LAURENT FREDERIC; NORD-EST
POINT P CIBOMAT SA LEHMANN HAGUENAU; 849380; Non; Oui; LAURENT FREDERIC; NORD-EST
CLAUSS MOSBACH MARLENHEIM; 849382; Non; Oui; LAURENT FREDERIC; NORD-EST
DMBP DISPANO SCHWEIGHOUSE; 55039; Non; Oui; LAURENT FREDERIC; NORD-EST
TUILERIE DE NIDERVILLER SAVERNE; 849387; Non; Oui; LAURENT FREDERIC; NORD-EST
HEMONT MATERIAUX ALTKIRCH; 849393; Non; Oui; LAURENT FREDERIC; NORD-EST
COMPTOIR DES BOIS ENSISHEIM; 849394; Non; Oui; LAURENT FREDERIC; NORD-EST
LIMABAT HESINGUE; 849397; Non; Oui; LAURENT FREDERIC; NORD-EST
RUNSER MICHELBACH LE HAUT; 849399; Non; Oui; LAURENT FREDERIC; NORD-EST
DMBP DISPANO KINGERSHEIM; 361196; Non; Oui; LAURENT FREDERIC; NORD-EST
HENNY SELIG JEBSHEIM; 849404; Non; Oui; LAURENT FREDERIC; NORD-EST
OESTERLE SA LUTTERBACH; 849405; Non; Oui; LAURENT FREDERIC; NORD-EST
ETABLISSEMENTS BAUEMLIN WALDIGHOFFE; 849409; Non; Oui; LAURENT FREDERIC; NORD-EST
SAUTER ET CIE BLODELSHEIM; 849413; Non; Oui; LAURENT FREDERIC; NORD-EST
SPIELMANN MATERIAUX BERGHEIM; 849414; Non; Oui; LAURENT FREDERIC; NORD-EST
MERLI MOSAIQUE WILLER SUR THUR; 849415; Non; Oui; LAURENT FREDERIC; NORD-EST
VIBRAYE MATERIAUX VIBRAYE; 849447; Non; Oui; BIERE GERALDINE; OUEST
LAMBERT MATERIAUX MAYET; 849448; Non; Oui; BIERE GERALDINE; OUEST
A.B.C. MATERIAUX LA FERTE BERNARD; 849450; Non; Oui; BIERE GERALDINE; OUEST
PITOIS CHAMPAGNE; 849451; Non; Oui; BIERE GERALDINE; OUEST
LANVERS MATERIAUX SAS NERNIER; 849459; Non; Oui; COTTERLAZ-RANNARD A.; RHONE ALPES
LARIVIERE CHELLES; 12440; Non; Oui; DO FETAL PASCAL; ILE DE France
BESSIERE MATERIAUX VILLEFRANCHE D'A; 849529; Non; Oui; PONCE MICHAEL; SUD-OUEST
OCEANE DE MATX BIGMAT NOIRMOUTIER; 849555; Non; Oui; ROBIEUX CHARLY; OUEST
LIMOUSIN MATERIAUX; 1146144; Non; Oui; AUBINEAU NICOLAS; SUD-OUEST
MESNIL MATERIAUX LE BLANC MESNIL; 849630; Oui; Non; BATOT KEVIN; ILE DE France
ASTURIENNE  STE CATHERINE LES ARRAS; 12341; Oui; Oui; DANJOU SEVERINE; NORD-EST
BOIS MAURIS ODDOS SEYSSINS; 10865; Non; Oui; MONTES QUENTIN; RHONE ALPES
PICARD MATERIAUX; 861710; Non; Oui; BATOT KEVIN; ILE DE France
DMBP DISPANO ALFORTVILLE; 306463; Non; Oui; FISCHER ALEXANDRE; ILE DE France
TANGUY MD SOURDEVAL; 889273; Oui; Non; BOUMARAF CHRISTOPHE; OUEST
MORIN LEVROUX; 893233; Non; Oui; FRESNEAU ALEXANDRE; OUEST
AGYMAT; 893244; Non; Oui; VAILLANT SEBASTIEN; NORD-EST
QUEGUINER MATERIAUX SAS QUIMPERLE; 893885; Oui; Non; GOUESSAN GUILLAUME; OUEST
GIE BASE LOGISTIQUE; 896005; Non; Oui; ROUX PHILIPPE; SUD-EST
PANOFRANCE MAILLAUD NANTES; 896879; Non; Oui; FORTIN ANNE; OUEST
LABOISSIERE BOIS ET DERIVES; 896907; Non; Oui; FRESNEAU ALEXANDRE; OUEST
DENIS MATERIAUX NORMANDIE MEAUTIS; 896929; Oui; Non; BOUMARAF CHRISTOPHE; OUEST
MATERIAUX DARNAND MARBOZ; 896942; Oui; Non; HENRY MATHIEU; RHONE ALPES
YENNE MATERIAUX YENNE; 896966; Non; Oui; COTTERLAZ-RANNARD A.; RHONE ALPES
DIGEMAT BARTENHEIM; 896985; Non; Oui; LAURENT FREDERIC; NORD-EST
BARILLET CHATEAUNEUF SUR LOIRE; 896986; Non; Oui; JAILLAT FREDERIC; NORD-EST
DEMUSSI GUERET; 896988; Non; Oui; AUBINEAU NICOLAS; SUD-OUEST
BATI MATERIAUX BERUS; 896992; Non; Oui; BIERE GERALDINE; OUEST
GAVRAIMAT ETOUVY; 897051; Non; Oui; BOUMARAF CHRISTOPHE; OUEST
LAMARENIE & FILS MOISSAC; 897057; Non; Oui; CARUCCIO STEPHANE; SUD-OUEST
GONCALVES MATERIAUX CAUMONT L'EVENT; 898400; Non; Oui; BOUMARAF CHRISTOPHE; OUEST
COUVRAT ALAIN L'ISLE JOURDAIN; 898421; Non; Oui; FRESNEAU ALEXANDRE; OUEST
DESCAMPS DIFFUSION; 898423; Oui; Non; VAILLANT SEBASTIEN; NORD-EST
PANOFRANCE MAILLAUD ANGERS; 898430; Oui; Non; ROBIEUX CHARLY; OUEST
MARIBON FERRET EAUZE; 898432; Oui; Non; ANTUNES JEAN-MANUEL; SUD-OUEST
GARANDEAU MATERIAUX CHAUNAY; 898453; Non; Oui; FRESNEAU ALEXANDRE; OUEST
ROYAL 78; 901139; Non; Oui; TEIXEIRA SANDRINE; ILE DE France
AU FORUM DU BATIMENT CHAMBLY; 903265; Non; Oui; BATOT KEVIN; ILE DE France
COVAP S.A. LA CHAIZE LE VICOMTE; 904709; Non; Oui; ROBIEUX CHARLY; OUEST
FRANCOIS MATERIAUX SAS BARAQUEVILLE; 906710; Oui; Non; BIDARD OLIVIER; SUD-EST
CHAUSSON MATX/TOULOUSE; 909065; Non; Oui; PONCE MICHAEL; SUD-OUEST
CHAUSSON FACADES/TRESSES; 944749; Non; Oui; BARGOZZA FLORENT; SUD-OUEST
GEO STAFF - 95; 687206; Non; Oui; BATOT KEVIN; ILE DE France
CO.LO.MAT; 1048918; Oui; Non; FRESNEAU ALEXANDRE; OUEST
CORB; 1006390; Non; Oui; PONCE MICHAEL; SUD-OUEST
SIEGE VM DISTRIBUTION; 1014317; Non; Oui; ROBIEUX CHARLY; OUEST
UNION MATERIAUX NARBONNE DEPOT 2; 1020228; Non; Oui; ROUX PHILIPPE; SUD-EST
VM DISTRIBUTION AYTRE; 1027829; Non; Oui; AUBINEAU NICOLAS; SUD-OUEST
FEMAT; 1037081; Non; Oui; BOULET MORGANE; RHONE ALPES
BV & FILS; 1037788; Non; Oui; TEIXEIRA SANDRINE; ILE DE France
DMBP DISPANO SAINT PRIEST; 697953; Non; Oui; BOULET MORGANE; RHONE ALPES
BATI DECOR; 971326; Non; Oui; FISCHER ALEXANDRE; ILE DE France
ISOLDRY; 993402; Non; Oui; VAILLANT SEBASTIEN; NORD-EST
LAURINE DECO ANJOU; 997345; Non; Oui; ROBIEUX CHARLY; OUEST
ASTURIENNE BEAUVAIS; 83337; Non; Oui; BATOT KEVIN; ILE DE France
FERRAT CHOLLEY; 1049261; Oui; Non; MARCHAL TONY; NORD-EST
PEINTEA WISSOUS; 1055721; Non; Oui; TEIXEIRA SANDRINE; ILE DE France
PEINTEA BAGNOLET; 1055736; Non; Oui; TEIXEIRA SANDRINE; ILE DE France
KLY GROUPE; 1060609; Non; Oui; TEIXEIRA SANDRINE; ILE DE France
NEGOCE ESPACE FACADE; 1066230; Non; Oui; BARGOZZA FLORENT; SUD-OUEST
AXDIS PRO; 1073779; Non; Oui; TEIXEIRA SANDRINE; ILE DE France
CHAUSSON MATX/HOYMILLE; 699157; Non; Oui; VAILLANT SEBASTIEN; NORD-EST
DESTOCK VALENTON; 1079450; Non; Oui; FISCHER ALEXANDRE; ILE DE France
LARIVIERE LAVAL; 1080324; Non; Oui; DELALANDE JEROME; OUEST
2 CAPS MATERIAUX; 1092128; Oui; Non; DANJOU SEVERINE; NORD-EST
PEINTEA SD COLOR; 1092559; Non; Oui; TEIXEIRA SANDRINE; ILE DE France
ID COLOR 78; 1108052; Non; Oui; TEIXEIRA SANDRINE; ILE DE France
JUSTIN BLEGER SELESTAT; 700546; Oui; Non; LAURENT FREDERIC; NORD-EST
BIGMAT MAITRE; 1123234; Oui; Non; HENRY MATHIEU; RHONE ALPES
POINT P PLATEFORME - BMCE 4374; 1141780; Non; Oui; FRESNEAU ALEXANDRE; OUEST
POINT P BMRA 1264 LA BATHIE; 1140039; Non; Oui; COTTERLAZ-RANNARD A.; RHONE ALPES
POINT P IDF-ClientsRégionaux 91/94(; 1140896; Non; Oui; FISCHER ALEXANDRE; ILE DE France
SODIMAC; 1123122; Oui; Non; HENRY MATHIEU; RHONE ALPES
AM TRADE CONSULTING SAS; 1162706; Non; Oui; TERKI KARIM; SUD-EST
BATIR SA; 1158157; Non; Oui; FISCHER ALEXANDRE; ILE DE France
MATX MODERNES FRONTIGNAN; 1167198; Oui; Non; ROUX PHILIPPE; SUD-EST
MATX MODERNES THEZAN; 1167097; Oui; Non; ROUX PHILIPPE; SUD-EST
MATX MODERNES VENDARGUES; 1167199; Non; Oui; ROUX PHILIPPE; SUD-EST
VAUDREY LAGNY; 1160285; Non; Oui; DO FETAL PASCAL; ILE DE France
CIFFREO BONA FREJUS; 1171897; Non; Oui; BARTOLO DIDIER; SUD-EST
LARIVIERE ARGONAY; 1175851; Non; Oui; COTTERLAZ-RANNARD A.; RHONE ALPES
PEINTURES DE PARIS; 1184128; Non; Oui; TEIXEIRA SANDRINE; ILE DE France
PEINTURES VALBERT LYON; 904984; Non; Oui; BOULET MORGANE; RHONE ALPES
